business,adress,zip,category,,,,,,,,,,,,,,,,,,,,,,,
615 MARKET #4317,"1 Titan Way, Nashville, TN",37213,Type: Category 3,,,,,,,,,,,,,,,,,,,,,,,
615 MARKET #4330,"1 Titan Way, Nashville, TN",37213,Type: Category 3,,,,,,,,,,,,,,,,,,,,,,,
7-ELEVEN #41068H,"4112 Hillsboro Rd, Nashville, TN",37215,Type: Category 2,,,,,,,,,,,,,,,,,,,,,,,
A & H MERKATO GROCERY,"2131 Murfreesboro Pike, Nashville, TN",37217,Type: Category 3,,,,,,,,,,,,,,,,,,,,,,,
AC HOTEL MINI MARKET,"410 5th Ave S, Nashville, TN",37203,Type: Category 3,,,,,,,,,,,,,,,,,,,,,,,
AL PASHA INC,"6012 Charlotte Ave, Nashville, TN",37209,Type: Category 2,,,,,,,,,,,,,,,,,,,,,,,
ALDI,"615 Gallatin Rd, Nashville, TN",37206,Type: Category 3,,,,,,,,,,,,,,,,,,,,,,,
ALDI #45,"1911 Ransom Pl, Nashville, TN",37217,Type: Category 3,,,,,,,,,,,,,,,,,,,,,,,
ALDI #46,"405 American Rd, Nashville, TN",37209,Type: Category 3,,,,,,,,,,,,,,,,,,,,,,,
ALDI #48,"3758 Nolensville Rd, Nashville, TN",37211,Type: Category 3,,,,,,,,,,,,,,,,,,,,,,,
ANGUS GRASSFED BEEF OF TN,"2140 Dearborn Dr, Nashville, TN",37214,Type: Category 3,,,,,,,,,,,,,,,,,,,,,,,
ANTIOCH SHELL,"2813 Smith Springs Rd, Nashville, TN",37217,Type: Category 2,,,,,,,,,,,,,,,,,,,,,,,
ARAMARK POD HEALTH SCIENCE,"3500 John A Merritt Hwy, Nashville, TN",37209,Type: Category 3,,,,,,,,,,,,,,,,,,,,,,,
AVID HOTELS NASHVILLE AIRPORT,"40 RACHEL Dr, Nashville, TN",37214,Type: Category 3,,,,,,,,,,,,,,,,,,,,,,,
AVON WILLIAMS P.O.D. MARKET,"330 10th Ave, Nashville, TN",37203,Type: Category 2,,,,,,,,,,,,,,,,,,,,,,,
BANGKOK MARKET,"3207 Powell Ave, Nashville, TN",37204,Type: Category 2,,,,,,,,,,,,,,,,,,,,,,,
BARWAQO MARKET,"613 Murfreesboro Rd, Nashville, TN",37210,Type: Category 2,,,,,,,,,,,,,,,,,,,,,,,
BELLE MEADE EXPRESS,"5401 Harding Rd, Nashville, TN",37205,Type: Category 2,,,,,,,,,,,,,,,,,,,,,,,
BELLE MEADE SHELL,"4409 Harding Rd, Nashville, TN",37205,Type: Category 2,,,,,,,,,,,,,,,,,,,,,,,
BELLVUE SHELL,"7395 Old Harding Rd, Nashville, TN",37221,Type: Category 2,,,,,,,,,,,,,,,,,,,,,,,
BENTO BODEGO,"321 HART St, Nashville, TN",37210,Type: Category 3,,,,,,,,,,,,,,,,,,,,,,,
BIG LOTS #353,"3734 Annex Ave, Nashville, TN",37209,Type: Category 3,,,,,,,,,,,,,,,,,,,,,,,
BIG LOTS #5216,"5702 Nolensville Pike, Nashville, TN",37211,Type: Category 3,,,,,,,,,,,,,,,,,,,,,,,
BNA- FRESH ATTRACTIONS,"1 Terminal Dr, Nashville, TN",37214,Type: Category 3,,,,,,,,,,,,,,,,,,,,,,,
BNA- HUDSON TEMP KIOSKS CONC D,"1 Terminal Dr, Nashville, TN",37214,Type: Category 2,,,,,,,,,,,,,,,,,,,,,,,
BNA- PRONTO,"1 TERMINAL Dr, Nashville, TN",37214,Type: Category 2,,,,,,,,,,,,,,,,,,,,,,,
BNA- TENNESSEE TRADING POST,"1 Terminal Dr, Nashville, TN",37214,Type: Category 3,,,,,,,,,,,,,,,,,,,,,,,
BNA- TENNESSEE TRADING POST ARRIVALS @ BC02,"1 Terminal Dr, Nashville, TN",37214,Type: Category 3,,,,,,,,,,,,,,,,,,,,,,,
BNA- THE ARTS DISTRICT MARKET,"1 TERMINAL DRIVE, UNIT A.04 Dr, Nashville, TN",37214,Type: Category 3,,,,,,,,,,,,,,,,,,,,,,,
BNA-EVOLVE BY HUDSON,"1 Terminal Dr, Nashville, TN",37214,Type: Category 3,,,,,,,,,,,,,,,,,,,,,,,
BNA-WEST END NEWS,"1 Terminal Dr, Nashville, TN",37214,Type: Category 3,,,,,,,,,,,,,,,,,,,,,,,
BNA-YAZOO BEER KIOSK,"1 Terminal Dr, Nashville, TN",37214,Type: Category 3,,,,,,,,,,,,,,,,,,,,,,,
BORDEAUX MARKET,c,37218,Type: Category 3,,,,,,,,,,,,,,,,,,,,,,,
BOTAN MARKET,"4905 Edmondson Pike, Nashville, TN",37211,Type: Category 2,,,,,,,,,,,,,,,,,,,,,,,
BROTHERS MARKET,"600 W Trinity Ln, Nashville, TN",37207,Type: Category 2,,,,,,,,,,,,,,,,,,,,,,,
CAMBRIA SUITES MARKETPLACE,"118 8th Ave S, Nashville, TN",37203,Type: Category 3,,,,,,,,,,,,,,,,,,,,,,,
CANDLEWOOD CUPBOARD,"270 Venture Cir, Nashville, TN",37228,Type: Category 3,,,,,,,,,,,,,,,,,,,,,,,
CENTRAL MARKET,"4722 Nolensville Rd, Nashville, TN",37211,Type: Category 3,,,,,,,,,,,,,,,,,,,,,,,
CHARLOTTE AVE MARKET,"6302 Charlotte Pike, Nashville, TN",37209,Type: Category 3,,,,,,,,,,,,,,,,,,,,,,,
CJ GRACE PHILLIPS 66,"815 Murfreesboro Rd, Nashville, TN",37217,Type: Category 2,,,,,,,,,,,,,,,,,,,,,,,
CLARION HOTEL DAY MART,"211 N 1st St, Nashville, TN",37213,Type: Category 3,,,,,,,,,,,,,,,,,,,,,,,
COCO'S ITALIAN MARKET,"411 51st Ave, Nashville, TN",37209,Type: Category 3,,,,,,,,,,,,,,,,,,,,,,,
COMFORT INN SUNDRIES,"3431 Percy Priest Dr, Nashville, TN",37214,Type: Category 3,,,,,,,,,,,,,,,,,,,,,,,
COMFORT SUITES MARKET,"2521 Elm Hill Pike, Nashville, TN",37214,Type: Category 3,,,,,,,,,,,,,,,,,,,,,,,
COMMON'S GROUNDS,"230 Appleton St, Nashville, TN",37208,Type: Category 2,,,,,,,,,,,,,,,,,,,,,,,
CORNER MARKET,"300 Church St, Nashville, TN",37201,Type: Category 2,,,,,,,,,,,,,,,,,,,,,,,
COURTYARD BY MARRIOTT MARKET,"1901 West End Ave, Nashville, TN",37203,Type: Category 3,,,,,,,,,,,,,,,,,,,,,,,
COURTYARD MARKET,"2508 Elm Hill Pike, Nashville, TN",37214,Type: Category 3,,,,,,,,,,,,,,,,,,,,,,,
COURTYARD MARRIOTT MARKET,"3800 Bedford Ave, Nashville, TN",37215,Type: Category 3,,,,,,,,,,,,,,,,,,,,,,,
CVS PHARMACY #6044,"735 Harding Pl, Nashville, TN",37211,Type: Category 3,,,,,,,,,,,,,,,,,,,,,,,
CVS PHARMACY #6398,"7112 Highway 70 S, Nashville, TN",37221,Type: Category 3,,,,,,,,,,,,,,,,,,,,,,,
CVS PHARMACY #6412,"5521 Charlotte Pike, Nashville, TN",37209,Type: Category 3,,,,,,,,,,,,,,,,,,,,,,,
CVS PHARMACY #6427,"2500 Lebanon Rd, Nashville, TN",37214,Type: Category 3,,,,,,,,,,,,,,,,,,,,,,,
CVS PHARMACY #6433,"2516 Gallatin Rd, Nashville, TN",37206,Type: Category 3,,,,,,,,,,,,,,,,,,,,,,,
CVS PHARMACY #6436,"4524 Harding Rd, Nashville, TN",37205,Type: Category 3,,,,,,,,,,,,,,,,,,,,,,,
CVS PHARMACY #6437,"3801 Hillsboro Rd, Nashville, TN",37215,Type: Category 3,,,,,,,,,,,,,,,,,,,,,,,
CVS PHARMACY #7608,"426 21st Ave S, Nashville, TN",37203,Type: Category 3,,,,,,,,,,,,,,,,,,,,,,,
CVS PHARMACY #7626,"4709 Nolensville Rd, Nashville, TN",37211,Type: Category 3,,,,,,,,,,,,,,,,,,,,,,,
D AND M DISCOUNT TOBACCO,"476-A Bell Rd, Nashville, TN",37217,Type: Category 3,,,,,,,,,,,,,,,,,,,,,,,
DAIZY MART,"2141 Buena Vista Pike, Nashville, TN",37218,Type: Category 3,,,,,,,,,,,,,,,,,,,,,,,
DASH MART,"2320 Cruzen St, Nashville, TN",37211,Type: Category 3,,,,,,,,,,,,,,,,,,,,,,,
DAVID FULLER SEAFOOD,"3525 Central Ave, Nashville, TN",37205,Type: Category 2,,,,,,,,,,,,,,,,,,,,,,,
DELTA NECESSITIES,"2800 Opryland Dr, Nashville, TN",37214,Type: Category 3,,,,,,,,,,,,,,,,,,,,,,,
DISCOUNT BEER MARKET,"15116 Old Hickory Blvd, Nashville, TN",37211,Type: Category 3,,,,,,,,,,,,,,,,,,,,,,,
DISCOUNT TOBACCO & BEER,"2181 Nolensville Rd, Nashville, TN",37211,Type: Category 3,,,,,,,,,,,,,,,,,,,,,,,
DISCOUNT TOBACCO SHOPPE,"2501 Lebanon Rd, Nashville, TN",37214,Type: Category 3,,,,,,,,,,,,,,,,,,,,,,,
DOLLAR GENERAL #12708,"3600 Anderson Rd, Nashville, TN",37217,Type: Category 3,,,,,,,,,,,,,,,,,,,,,,,
DOLLAR GENERAL #13669,"541 Stewarts Ferry Pike, Nashville, TN",37214,Type: Category 3,,,,,,,,,,,,,,,,,,,,,,,
DOLLAR GENERAL #14879,"709 Old Hickory Blvd, Nashville, TN",37209,Type: Category 3,,,,,,,,,,,,,,,,,,,,,,,
DOLLAR GENERAL #15496,"5100 Centennial Blvd, Nashville, TN",37209,Type: Category 3,,,,,,,,,,,,,,,,,,,,,,,
DOLLAR GENERAL #16369,"1755 Dr. DB Todd Blvd, Nashville, TN",37208,Type: Category 3,,,,,,,,,,,,,,,,,,,,,,,
DOLLAR GENERAL #18252,"2034 West End Ave, Nashville, TN",37203,Type: Category 2,,,,,,,,,,,,,,,,,,,,,,,
DOLLAR GENERAL #21334,"206 3rd Ave S, Nashville, TN",37201,Type: Category 2,,,,,,,,,,,,,,,,,,,,,,,
DOLLAR GENERAL #2443,"3852 Dickerson Rd, Nashville, TN",37207,Type: Category 3,,,,,,,,,,,,,,,,,,,,,,,
DOLLAR GENERAL #3386,"82 Lafayette St, Nashville, TN",37210,Type: Category 3,,,,,,,,,,,,,,,,,,,,,,,
DOLLAR GENERAL #4378,"6009 Charlotte Pk, Nashville, TN",37209,Type: Category 3,,,,,,,,,,,,,,,,,,,,,,,
DOLLAR GENERAL #4400,"3721 Clarksville Hwy, Nashville, TN",37218,Type: Category 3,,,,,,,,,,,,,,,,,,,,,,,
DOLLAR GENERAL #6311,"7107 Highway 70 S, Nashville, TN",37221,Type: Category 3,,,,,,,,,,,,,,,,,,,,,,,
DOLLAR GENERAL #6617,"1510 Branch St, Nashville, TN",37206,Type: Category 3,,,,,,,,,,,,,,,,,,,,,,,
DOLLAR GENERAL #6680,"2403 Lebanon Pike, Nashville, TN",37214,Type: Category 3,,,,,,,,,,,,,,,,,,,,,,,
DOLLAR GENERAL #6785,"1461 Bell Rd, Nashville, TN",37211,Type: Category 3,,,,,,,,,,,,,,,,,,,,,,,
DOLLAR GENERAL #9232,"3019 Dickerson Rd, Nashville, TN",37207,Type: Category 3,,,,,,,,,,,,,,,,,,,,,,,
DOLLAR GENERAL MARKET #9802,"5445 Nolensville Rd, Nashville, TN",37211,Type: Category 3,,,,,,,,,,,,,,,,,,,,,,,
DOLLAR GENERAL MARKET #9821,"301 E Thompson Ln, Nashville, TN",37211,Type: Category 3,,,,,,,,,,,,,,,,,,,,,,,
DOLLAR GENERAL STORE #11816,"415 W Trinity Ln, Nashville, TN",37207,Type: Category 3,,,,,,,,,,,,,,,,,,,,,,,
DOLLAR GENERAL STORE #13039,"1118 Dickerson Pike, Nashville, TN",37207,Type: Category 3,,,,,,,,,,,,,,,,,,,,,,,
DOLLAR GENERAL STORE #1990,"2285 Murfreesboro Pike, Nashville, TN",37217,Type: Category 3,,,,,,,,,,,,,,,,,,,,,,,
DOLLAR GENERAL STORE #2117,"3006 Gallatin Pike, Nashville, TN",37216,Type: Category 3,,,,,,,,,,,,,,,,,,,,,,,
DOLLAR GENERAL STORE #2158,"3053 Brick Church Pike, Nashville, TN",37207,Type: Category 3,,,,,,,,,,,,,,,,,,,,,,,
DOLLAR GENERAL STORE #238,"2101 8th Ave S., Nashville, TN",37204,Type: Category 3,,,,,,,,,,,,,,,,,,,,,,,
DOLLAR GENERAL STORE #2731,"3776 Nolensville Rd, Nashville, TN",37211,Type: Category 3,,,,,,,,,,,,,,,,,,,,,,,
DOLLAR GENERAL STORE #3292,"3234 Blackwood Dr, Nashville, TN",37214,Type: Category 3,,,,,,,,,,,,,,,,,,,,,,,
DOLLAR TREE #06512,"5524 Charlotte Pike, Nashville, TN",37209,Type: Category 3,,,,,,,,,,,,,,,,,,,,,,,
DOLLAR TREE #06891,"836 N First St, Nashville, TN",37201,Type: Category 3,,,,,,,,,,,,,,,,,,,,,,,
DOLLAR TREE #07487,"2930 Dickerson Pike, Nashville, TN",37207,Type: Category 3,,,,,,,,,,,,,,,,,,,,,,,
DOLLAR TREE #08010,"405 W Trinity Ln, Nashville, TN",37207,Type: Category 3,,,,,,,,,,,,,,,,,,,,,,,
DOLLAR TREE #08287,"2806 Smith Springs Rd, Nashville, TN",37217,Type: Category 3,,,,,,,,,,,,,,,,,,,,,,,
DOLLAR TREE #1197,"6622 Charlott Pike, Nashville, TN",37209,Type: Category 3,,,,,,,,,,,,,,,,,,,,,,,
DOLLAR TREE #2221,"7657 Highway 70 S, Nashville, TN",37221,Type: Category 3,,,,,,,,,,,,,,,,,,,,,,,
DOLLAR TREE #3326,"2710 Old Lebanon Rd, Nashville, TN",37214,Type: Category 3,,,,,,,,,,,,,,,,,,,,,,,
DOLLAR TREE #4245,"3460 Dickerson Pike, Nashville, TN",37207,Type: Category 3,,,,,,,,,,,,,,,,,,,,,,,
DOLLAR TREE #4629,"5700 Nolensville Pike, Nashville, TN",37211,Type: Category 3,,,,,,,,,,,,,,,,,,,,,,,
DOLLAR TREE #4782,"3409 Gallatin Pike, Nashville, TN",37216,Type: Category 3,,,,,,,,,,,,,,,,,,,,,,,
DOLLAR TREE #5322,"1305 Antioch Pike, Nashville, TN",37211,Type: Category 3,,,,,,,,,,,,,,,,,,,,,,,
DOLLAR TREE #6020,"2308 Murfreesboro Pike, Nashville, TN",37217,Type: Category 3,,,,,,,,,,,,,,,,,,,,,,,
DOLLAR TREE #6535,"1109 Murfreesboro Pike, Nashville, TN",37217,Type: Category 3,,,,,,,,,,,,,,,,,,,,,,,
DOLLAR TREE 01015,"3135 Lebanon Pike, Nashville, TN",37214,Type: Category 3,,,,,,,,,,,,,,,,,,,,,,,
DOUBLE TREE MARKET,"2424 Atrium Way, Nashville, TN",37214,Type: Category 3,,,,,,,,,,,,,,,,,,,,,,,
"DOUBLETREE NASHVILLE HOSPITALITY LEASE CO., LLC","315 4th Ave N, Nashville, TN",37219,Type: Category 3,,,,,,,,,,,,,,,,,,,,,,,
DOWNTOWN FRESH MARKET,"531 4th Ave S, Nashville, TN",37210,Type: Category 3,,,,,,,,,,,,,,,,,,,,,,,
DRURY INN GUEST PANTRY,"555 Donelson Pike, Nashville, TN",37214,Type: Category 3,,,,,,,,,,,,,,,,,,,,,,,
DRURY PLAZA HOTEL NASHVILLE DOWNTOWN - RETAIL,"300 KOREAN VETERANS Blvd, Nashville, TN",37201,Type: Category 3,,,,,,,,,,,,,,,,,,,,,,,
DURDUR INTERNATIONAL MARKET,"1080 Murfreesboro Rd, Nashville, TN",37217,Type: Category 2,,,,,,,,,,,,,,,,,,,,,,,
EL CAMINO MARKET,"5911 Morrow Rd, Nashville, TN",37209,Type: Category 3,,,,,,,,,,,,,,,,,,,,,,,
ELAINE'S MOBLIE CATERING,"1902 Long Ave, Nashville, TN",37206,Type: Category 3,,,,,,,,,,,,,,,,,,,,,,,
ELYSIAN MARKET,"3815 Nolensville Rd, Nashville, TN",37211,Type: Category 2,,,,,,,,,,,,,,,,,,,,,,,
EMBASSY GIFT SHOP,"1811 Broadway, Nashville, TN",37203,Type: Category 3,,,,,,,,,,,,,,,,,,,,,,,
EMBASSY SUITES MARKET,"10 Century Blvd, Nashville, TN",37214,Type: Category 3,,,,,,,,,,,,,,,,,,,,,,,
ESKIMO JOE'S TRUCK #3,"1329 Baptist World Center Dr Suite-B, Nashville, TN",37207,Type: Category 3,,,,,,,,,,,,,,,,,,,,,,,
ESKIMO JOE'S TRUCK #4,"1329 Baptist World Center Dr Suite-B, Nashville, TN",37207,Type: Category 3,,,,,,,,,,,,,,,,,,,,,,,
ESKIMO JOE'S TRUCK #5,"1329 Baptist World Center Dr, Nashville, TN",37207,Type: Category 3,,,,,,,,,,,,,,,,,,,,,,,
ET MARKET DISCOUNT TOBACCO & BEER,"4000 Gallatin Pike, Nashville, TN",37216,Type: Category 3,,,,,,,,,,,,,,,,,,,,,,,
EXPRESS FOODMART,"1101 Woodland St, Nashville, TN",37206,Type: Category 2,,,,,,,,,,,,,,,,,,,,,,,
FAIRFIELD INN & SUITES MARKET,"100 French Landing Dr, Nashville, TN",37228,Type: Category 3,,,,,,,,,,,,,,,,,,,,,,,
FAIRFIELD INN MARKET,"211 Music City Cir, Nashville, TN",37214,Type: Category 3,,,,,,,,,,,,,,,,,,,,,,,
FAIRFIELD INN THE MARKET,"901 Division St, Nashville, TN",37203,Type: Category 3,,,,,,,,,,,,,,,,,,,,,,,
FAMILY DOLLAR #21033,"1015 Jefferson St, Nashville, TN",37208,Type: Category 3,,,,,,,,,,,,,,,,,,,,,,,
FAMILY DOLLAR #21752,"3215 Clarksville Hwy., Nashville, TN",37218,Type: Category 3,,,,,,,,,,,,,,,,,,,,,,,
FAMILY DOLLAR #21949,"2935 Nolensville Rd, Nashville, TN",37211,Type: Category 3,,,,,,,,,,,,,,,,,,,,,,,
FAMILY DOLLAR #30114,"4003 Clarksville Pike, Nashville, TN",37218,Type: Category 3,,,,,,,,,,,,,,,,,,,,,,,
FAMILY DOLLAR #33000,"3810 Clifton Ave, Nashville, TN",37209,Type: Category 3,,,,,,,,,,,,,,,,,,,,,,,
FAMILY DOLLAR #5779,"2600 Jefferson St, Nashville, TN",37208,Type: Category 3,,,,,,,,,,,,,,,,,,,,,,,
FAMILY DOLLAR #6742,"2734 Whites Creek Pike, Nashville, TN",37207,Type: Category 3,,,,,,,,,,,,,,,,,,,,,,,
FAMILY DOLLAR #8754,"4870 Nolensville Pike, Nashville, TN",37211,Type: Category 3,,,,,,,,,,,,,,,,,,,,,,,
FAMILY DOLLARS #22627,"3049 Dickerson Rd, Nashville, TN",37207,Type: Category 3,,,,,,,,,,,,,,,,,,,,,,,
FATHERLAND ST MARKET,"1401 Fatherland St, Nashville, TN",37206,Type: Category 3,,,,,,,,,,,,,,,,,,,,,,,
FLAG STORE LLC,"2511 Dickerson Pike, Nashville, TN",37207,Type: Category 3,,,,,,,,,,,,,,,,,,,,,,,
FLOWERS FARMS PORK SAUSAGE,"4550 Eatons Creek Rd, Nashville, TN",37208,Type: Category 2,,,,,,,,,,,,,,,,,,,,,,,
FRIENDS' TREAT TRUCK,"4414 Granny White Pike, Nashville, TN",37204,Type: Category 3,,,,,,,,,,,,,,,,,,,,,,,
FRUGAL MACDOOGAL'S,"701 Division St, Nashville, TN",37203,Type: Category 2,,,,,,,,,,,,,,,,,,,,,,,
G-DRAGON MART,"2705 Dickerson Rd, Nashville, TN",37207,Type: Category 2,,,,,,,,,,,,,,,,,,,,,,,
GARFIELD MARKET,"1705 Jenkins St, Nashville, TN",37208,Type: Category 2,,,,,,,,,,,,,,,,,,,,,,,
GO PUFF,"5211 Linbar Dr, Nashville, TN",37211,Type: Category 3,,,,,,,,,,,,,,,,,,,,,,,
GOPUFF,"801 Vine St, Nashville, TN",37203,Type: Category 3,,,,,,,,,,,,,,,,,,,,,,,
GRAB N GO #101,"501 Broadway, Nashville, TN",37203,Type: Category 3,,,,,,,,,,,,,,,,,,,,,,,
GRAB N GO AT MOXY,"110 3rd Ave, Nashville, TN",37201,Type: Category 3,,,,,,,,,,,,,,,,,,,,,,,
GREEN EXPRESS,"361 Harding Pl, Nashville, TN",37211,Type: Category 2,,,,,,,,,,,,,,,,,,,,,,,
GREENHILLS CORKDORKS WINE SPIRITS & BEER,"4009 Hillsboro Pike 105, Nashville, TN",37215,Type: Category 3,,,,,,,,,,,,,,,,,,,,,,,
H & H (HALAL MEAT),"408 Ashlar Cir, Nashville, TN",37211,Type: Category 3,,,,,,,,,,,,,,,,,,,,,,,
HAMPTON INN & SUITE SHOP,"583 Donelson Pike, Nashville, TN",37214,Type: Category 3,,,,,,,,,,,,,,,,,,,,,,,
HAMPTON INN & SUITES NASHVILLE NORTH SKYLINE MARKET,"3451 Dickerson Pike, Nashville, TN",37207,Type: Category 3,,,,,,,,,,,,,,,,,,,,,,,
HAMPTON INN MARKET,"2330 Elliston Pl, Nashville, TN",37203,Type: Category 3,,,,,,,,,,,,,,,,,,,,,,,
HAMPTON INN SUITE SHOP,"230 Rudy Cir, Nashville, TN",37214,Type: Category 3,,,,,,,,,,,,,,,,,,,,,,,
HAMPTON INN-SUITE SHOP,"2324 Crestmoon Rd, Nashville, TN",37215,Type: Category 3,,,,,,,,,,,,,,,,,,,,,,,
HARDING PLACE TOBACCO & BEER,"326 Harding Pl, Nashville, TN",37211,Type: Category 2,,,,,,,,,,,,,,,,,,,,,,,
HAYWOOD LANE SHELL,"197 Haywood Ln, Nashville, TN",37211,Type: Category 2,,,,,,,,,,,,,,,,,,,,,,,
HIGHTAIL # 7204,"4601 Alabama Ave, Nashville, TN",37209,Type: Category 2,,,,,,,,,,,,,,,,,,,,,,,
HIGHTAIL # 8897,"6955 Charlotte Pike, Nashville, TN",37209,Type: Category 2,,,,,,,,,,,,,,,,,,,,,,,
HIGHTAIL #6653,"6931 Charlotte Pike, Nashville, TN",37209,Type: Category 2,,,,,,,,,,,,,,,,,,,,,,,
HIGHTAIL #8020,"301 White Bridge Rd, Nashville, TN",37209,Type: Category 2,,,,,,,,,,,,,,,,,,,,,,,
HIGHTAIL #8126,"724 Thompson Ln, Nashville, TN",37204,Type: Category 2,,,,,,,,,,,,,,,,,,,,,,,
HIGHTAIL #8801,"580 Donelson Pike, Nashville, TN",37214,Type: Category 2,,,,,,,,,,,,,,,,,,,,,,,
HILTON GARDEN INN,"1715 Broadway, Nashville, TN",37203,Type: Category 3,,,,,,,,,,,,,,,,,,,,,,,
HILTON GARDEN INN NASHVILLE AIRPORT,"412 Royal Pkwy, Nashville, TN",37214,Type: Category 3,,,,,,,,,,,,,,,,,,,,,,,
HILTON NASHVILLE AIRPORT HOTEL,"2200 Elm Hill Pike, Nashville, TN",37214,Type: Category 3,,,,,,,,,,,,,,,,,,,,,,,
HILTON NASHVILLE GREEN HILLS MINI MARKET,"3801 Cleghorn Ave, Nashville, TN",37215,Type: Category 3,,,,,,,,,,,,,,,,,,,,,,,
HOLIDAY INN AND SUITES MARKET,"415 4th Ave S, Nashville, TN",37203,Type: Category 3,,,,,,,,,,,,,,,,,,,,,,,
HOLIDAY INN EXPRESS,"2461 Mcgavock Pike, Nashville, TN",37214,Type: Category 3,,,,,,,,,,,,,,,,,,,,,,,
HOLIDAY INN EXPRESS MARKET,"920 Broadway, Nashville, TN",37203,Type: Category 2,,,,,,,,,,,,,,,,,,,,,,,
HOLIDAY INN EXPRESS MKT,"5612 Lennox Ave, Nashville, TN",37209,Type: Category 3,,,,,,,,,,,,,,,,,,,,,,,
HOLIDAY INN GIFT SHOP,"2613 West End Ave, Nashville, TN",37203,Type: Category 3,,,,,,,,,,,,,,,,,,,,,,,
HOLIDAY INN VANDERBILT GIFT SHOP,"2613 W End Ave, Nashville, TN",37203,Type: Category 3,,,,,,,,,,,,,,,,,,,,,,,
HOME 2 MARKET,"1800 Division St, Nashville, TN",37203,Type: Category 3,,,,,,,,,,,,,,,,,,,,,,,
HOME 2 SUITES MARKET,"832 Royal Pkwy, Nashville, TN",37214,Type: Category 3,,,,,,,,,,,,,,,,,,,,,,,
"HOMESTEAD STEAKS, LLC-OPRY MILLS MALL","433 Opry Mills Mall, Nashville, TN",37214,Type: Category 3,,,,,,,,,,,,,,,,,,,,,,,
HOMEWOOD SUITE BY HILTON,"706 Church St, Nashville, TN",37203,Type: Category 3,,,,,,,,,,,,,,,,,,,,,,,
HOMEWOOD SUITE SHOP,"2640 Elm Hill Pike, Nashville, TN",37214,Type: Category 3,,,,,,,,,,,,,,,,,,,,,,,
HOMEWOOD SUITES SHOP,"2400 W End Ave, Nashville, TN",37203,Type: Category 3,,,,,,,,,,,,,,,,,,,,,,,
INN AT OPRYLAND ESSENTIALS,"2401 Music Valley Dr, Nashville, TN",37214,Type: Category 3,,,,,,,,,,,,,,,,,,,,,,,
J.R. MARKET,"5303 Nolensville Rd, Nashville, TN",37211,Type: Category 3,,,,,,,,,,,,,,,,,,,,,,,
JACK'S MARKET LLC,"4421 Murphy Rd, Nashville, TN",37209,Type: Category 2,,,,,,,,,,,,,,,,,,,,,,,
"JAMMER'S MARKET, LLC","1519 Jones Ave, Nashville, TN",37207,Type: Category 3,,,,,,,,,,,,,,,,,,,,,,,
JENNY CRAIG CENTER #6651,"3760 Hillsboro Rd, Nashville, TN",37215,Type: Category 3,,,,,,,,,,,,,,,,,,,,,,,
JERRY'S CITGO,"3900 Clarksville Hwy, Nashville, TN",37218,Type: Category 2,,,,,,,,,,,,,,,,,,,,,,,
JOROPO GREEN MARKET,"1010 Zermatt Ave, Nashville, TN",37211,Type: Category 3,,,,,,,,,,,,,,,,,,,,,,,
JOY MARKET (CONOCO),"3767 Nolensville Rd, Nashville, TN",37211,Type: Category 2,,,,,,,,,,,,,,,,,,,,,,,
K & K MARKET,"4610 Gallatin Rd, Nashville, TN",37216,Type: Category 3,,,,,,,,,,,,,,,,,,,,,,,
"KHOOLMART, INC.","2615 Murfreesboro Rd, Nashville, TN",37217,Type: Category 2,,,,,,,,,,,,,,,,,,,,,,,
"KURDISTAN INTERNATIONAL FOOD, INC","2855 Logan St, Nashville, TN",37211,Type: Category 2,,,,,,,,,,,,,,,,,,,,,,,
KWIK SACK MARKET LLC,"2515 Edge O Lake Dr, Nashville, TN",37217,Type: Category 3,,,,,,,,,,,,,,,,,,,,,,,
KWIK SAK #625,"2804 W End Ave, Nashville, TN",37203,Type: Category 2,,,,,,,,,,,,,,,,,,,,,,,
KWIK SAK #626,"3710 Gallatin Rd, Nashville, TN",37216,Type: Category 2,,,,,,,,,,,,,,,,,,,,,,,
KWIK STOP SUPER MERCADO,"2821 Smith Spring Rd, Nashville, TN",37217,Type: Category 3,,,,,,,,,,,,,,,,,,,,,,,
LA ESPIGA INC,"4536 Nolensville Rd Ste#H, Nashville, TN",37211,Type: Category 2,,,,,,,,,,,,,,,,,,,,,,,
LA QUINTA INN MARKET,"2345 Atrium Way, Nashville, TN",37214,Type: Category 3,,,,,,,,,,,,,,,,,,,,,,,
LAO TRADING CO,"1100 Elm Hill Pike, Nashville, TN",37210,Type: Category 3,,,,,,,,,,,,,,,,,,,,,,,
LEONE STAR MARKET,"459 Bell Rd, Nashville, TN",37217,Type: Category 3,,,,,,,,,,,,,,,,,,,,,,,
LEWIS STREET MARKET,"37 Lewis St Ste #A, Nashville, TN",37210,Type: Category 2,,,,,,,,,,,,,,,,,,,,,,,
LINBAR SUPER MERCADO,"238 Largo Dr, Nashville, TN",37211,Type: Category 2,,,,,,,,,,,,,,,,,,,,,,,
"LITTLE SAIGON MARKET, LLC","3747 Annex Ave, Nashville, TN",37209,Type: Category 2,,,,,,,,,,,,,,,,,,,,,,,
LITTONS CORNER MARKET,"2830 Gallatin Rd, Nashville, TN",37216,Type: Category 3,,,,,,,,,,,,,,,,,,,,,,,
LOS AMIGOS MERCADO LATINO,"2582 Murfreesboro Pike, Nashville, TN",37217,Type: Category 3,,,,,,,,,,,,,,,,,,,,,,,
LUCKY 7,"1303 Jones Ave, Nashville, TN",37207,Type: Category 3,,,,,,,,,,,,,,,,,,,,,,,
LUCY MARKET,"2131 Murfreesboro Pike, Nashville, TN",37217,Type: Category 2,,,,,,,,,,,,,,,,,,,,,,,
"M & S MARKET, LLC","203-A 2nd Ave N, Nashville, TN",37201,Type: Category 3,,,,,,,,,,,,,,,,,,,,,,,
MAGNOLIA NECESSITIES,"2800 Opryland Dr, Nashville, TN",37214,Type: Category 3,,,,,,,,,,,,,,,,,,,,,,,
MAPCO #3332,"2601 Murfreesboro Pike, Nashville, TN",37217,Type: Category 3,,,,,,,,,,,,,,,,,,,,,,,
MAPCO #3347,"611 51st Ave N, Nashville, TN",37209,Type: Category 2,,,,,,,,,,,,,,,,,,,,,,,
MAPCO #3413,"15109 Old Hickory Blvd, Nashville, TN",37211,Type: Category 2,,,,,,,,,,,,,,,,,,,,,,,
MAPCO EXPRESS #1033,"712 Main St, Nashville, TN",37206,Type: Category 3,,,,,,,,,,,,,,,,,,,,,,,
MAPCO EXPRESS #3218,"2101 Murfreesboro Rd, Nashville, TN",37217,Type: Category 2,,,,,,,,,,,,,,,,,,,,,,,
MAPCO EXPRESS #3334,"465 Donelson Pike, Nashville, TN",37214,Type: Category 2,,,,,,,,,,,,,,,,,,,,,,,
MARATHON EXPRESS,"3508 Nolensville Rd, Nashville, TN",37211,Type: Category 2,,,,,,,,,,,,,,,,,,,,,,,
MARIA MARKET,"541 Paragon Mills Rd, Nashville, TN",37211,Type: Category 3,,,,,,,,,,,,,,,,,,,,,,,
MARRIOTT HOTEL THE MARKET,"2555 W End Ave, Nashville, TN",37203,Type: Category 3,,,,,,,,,,,,,,,,,,,,,,,
MARY MARKET,"1905 Meridan St, Nashville, TN",37207,Type: Category 3,,,,,,,,,,,,,,,,,,,,,,,
MAZ FRESCO LLC,"3955 NOLENSVILLE Pike, Nashville, TN",37211,Type: Category 3,,,,,,,,,,,,,,,,,,,,,,,
MENA'S MARKET,"141 Lafayette St, Nashville, TN",37210,Type: Category 3,,,,,,,,,,,,,,,,,,,,,,,
MERCHANTS MART OF NASHVILLE,"1800 Elm Hill Pike, Nashville, TN",37210,Type: Category 3,,,,,,,,,,,,,,,,,,,,,,,
MERKATO,"2639 Lakevilla Dr, Nashville, TN",37217,Type: Category 2,,,,,,,,,,,,,,,,,,,,,,,
MI RANCHITO MARKET,"312 Natchez Ct, Nashville, TN",37211,Type: Category 2,,,,,,,,,,,,,,,,,,,,,,,
MIDTOWN WINE & SPIRITS,"1610 Church St, Nashville, TN",37203,Type: Category 2,,,,,,,,,,,,,,,,,,,,,,,
MINI MARKET,"726 Mcferrin St, Nashville, TN",37206,Type: Category 2,,,,,,,,,,,,,,,,,,,,,,,
MINI MART,"2600 Foster Ave, Nashville, TN",37210,Type: Category 2,,,,,,,,,,,,,,,,,,,,,,,
MR WHISKERS WINE & SPIRITS,"31 White Bridge Rd, Nashville, TN",37205,Type: Category 3,,,,,,,,,,,,,,,,,,,,,,,
MR. MARIO,"1208 Murfreesboro Rd, Nashville, TN",37217,Type: Category 2,,,,,,,,,,,,,,,,,,,,,,,
MURPHY EXPRESS #8618,"3434 Doverside Dr, Nashville, TN",37207,Type: Category 2,,,,,,,,,,,,,,,,,,,,,,,
MUSIC CITY WINE AND SPIRITS,"2282 Lebanon Pike, Nashville, TN",37214,Type: Category 3,,,,,,,,,,,,,,,,,,,,,,,
MUSIC VALLEY BP,"2471 Mcgavock Pike, Nashville, TN",37214,Type: Category 2,,,,,,,,,,,,,,,,,,,,,,,
NASHVILLE DISCOUNT TOBACCO,"2323 Dickerson Rd, Nashville, TN",37207,Type: Category 3,,,,,,,,,,,,,,,,,,,,,,,
NASHVILLE KOA CAMPGROUND,"2626 Music Valley Dr, Nashville, TN",37214,Type: Category 3,,,,,,,,,,,,,,,,,,,,,,,
NASHVILLE MARKET,"2913 Dickerson Rd, Nashville, TN",37207,Type: Category 3,,,,,,,,,,,,,,,,,,,,,,,
NORTH SIDE MARKET,"1918 Dr. DB Todd Jr Blvd, Nashville, TN",37208,Type: Category 2,,,,,,,,,,,,,,,,,,,,,,,
OLIVER'S ICEBOX,"2195 Nolensville Pike, Nashville, TN",37211,Type: Category 3,,,,,,,,,,,,,,,,,,,,,,,
"OM NOLENSVILLE OIL, INC.","5455 Nolensville Rd, Nashville, TN",37211,Type: Category 2,,,,,,,,,,,,,,,,,,,,,,,
OM RANDALL OIL GROUP,"5016 Nolensville Pike, Nashville, TN",37211,Type: Category 2,,,,,,,,,,,,,,,,,,,,,,,
ONE S MART,"155 Old Hermitage Ave, Nashville, TN",37210,Type: Category 3,,,,,,,,,,,,,,,,,,,,,,,
ONE STOP MARKET,"626 40th Ave N, Nashville, TN",37209,Type: Category 3,,,,,,,,,,,,,,,,,,,,,,,
ONE STOP MART LLC DBA ONE STOP MART,"2917 Dickerson Pike, Nashville, TN",37207,Type: Category 3,,,,,,,,,,,,,,,,,,,,,,,
PAPA MURPHY'S #TN012,"8120 HWY 100, Nashville, TN",37221,Type: Category 2,,,,,,,,,,,,,,,,,,,,,,,
PIGGLY WIGGLY #34,"2317 Dickerson Rd, Nashville, TN",37207,Type: Category 2,,,,,,,,,,,,,,,,,,,,,,,
PMEX CORPORATION,"469 Bell Rd, Nashville, TN",37217,Type: Category 2,,,,,,,,,,,,,,,,,,,,,,,
PORTER ROAD CITGO,"834 Porter Rd, Nashville, TN",37206,Type: Category 3,,,,,,,,,,,,,,,,,,,,,,,
"PRIME NOW, LLC - UTN1","410 Harding Industrial Blvd, Nashville, TN",37211,Type: Category 2,,,,,,,,,,,,,,,,,,,,,,,
PRIME SOUTH MEATS,"1109 S Straightway, Nashville, TN",37206,Type: Category 2,,,,,,,,,,,,,,,,,,,,,,,
QUALITY INN MARKET,"2615 Elm Hill Pike, Nashville, TN",37214,Type: Category 3,,,,,,,,,,,,,,,,,,,,,,,
QUALITY INN MARKET,"303 Intersate Dr, Nashville, TN",37213,Type: Category 3,,,,,,,,,,,,,,,,,,,,,,,
R & S MARKET,"1343 MURFREESBORO Rd, Nashville, TN",37217,Type: Category 2,,,,,,,,,,,,,,,,,,,,,,,
"RAI BORTHERS, LLC","4724 Nolensville Pike, Nashville, TN",37211,Type: Category 3,,,,,,,,,,,,,,,,,,,,,,,
RAJDHANI GROCERIES AND CAFE,"1453 Bell Rd, Nashville, TN",37211,Type: Category 3,,,,,,,,,,,,,,,,,,,,,,,
RE:FUEL,"1719 W End Ave, Nashville, TN",37203,Type: Category 3,,,,,,,,,,,,,,,,,,,,,,,
RENAISSANCE HOTEL CAFE CAMPER,"611 Commerce St, Nashville, TN",37203,Type: Category 2,,,,,,,,,,,,,,,,,,,,,,,
RESERVA CIGARS,"73 White Bridge Rd Suite # G-1, Nashville, TN",37205,Type: Category 2,,,,,,,,,,,,,,,,,,,,,,,
RESIDENCE INN,"2500 Music Valley Dr, Nashville, TN",37214,Type: Category 3,,,,,,,,,,,,,,,,,,,,,,,
RESIDENCE INN MARKET,"3807 Cleghorn Ave, Nashville, TN",37215,Type: Category 3,,,,,,,,,,,,,,,,,,,,,,,
RESIDENCE INN MARKET,"1801 Hayes St, Nashville, TN",37203,Type: Category 3,,,,,,,,,,,,,,,,,,,,,,,
RESIDENCE INN MARKET,"2300 Elm Hill Pike, Nashville, TN",37214,Type: Category 3,,,,,,,,,,,,,,,,,,,,,,,
RICHLAND COUNTRY CLUB TENNIS COURT CAFE,"1 Club Dr, Nashville, TN",37215,Type: Category 3,,,,,,,,,,,,,,,,,,,,,,,
RISH THE MARKET,"410 5TH Ave S, Nashville, TN",37203,Type: Category 3,,,,,,,,,,,,,,,,,,,,,,,
RIVERSIDE MARKET LLC,"2301 Riverside Dr, Nashville, TN",37216,Type: Category 3,,,,,,,,,,,,,,,,,,,,,,,
S & E FOOD MARKET,"2719 Jefferson Pike Suite- A, Nashville, TN",37208,Type: Category 2,,,,,,,,,,,,,,,,,,,,,,,
S & S THOMPSON LANE MKT,"1004 E Thompson Ln, Nashville, TN",37211,Type: Category 2,,,,,,,,,,,,,,,,,,,,,,,
SAFE HARBOR RV,"3343 Bell Rd, Nashville, TN",37214,Type: Category 2,,,,,,,,,,,,,,,,,,,,,,,
SAINT GEORGE SHELL,"3123 Dickerson Pike, Nashville, TN",37207,Type: Category 2,,,,,,,,,,,,,,,,,,,,,,,
SAM MARKET # 2,"4719 Nolensville Rd, Nashville, TN",37211,Type: Category 2,,,,,,,,,,,,,,,,,,,,,,,
SAM'S EXPRESS,"20 E Thompson Ln, Nashville, TN",37211,Type: Category 2,,,,,,,,,,,,,,,,,,,,,,,
SAM'S MARKET,"2012 B-clarksville Hwy, Nashville, TN",37218,Type: Category 3,,,,,,,,,,,,,,,,,,,,,,,
SANBIL BAKERY,"18 E Thompson Ln, Nashville, TN",37211,Type: Category 2,,,,,,,,,,,,,,,,,,,,,,,
SAVE-A-LOT #454,"2400 Clarksville Pike, Nashville, TN",37208,Type: Category 2,,,,,,,,,,,,,,,,,,,,,,,
SAVE-A-LOT #465,"1113 Murfreesboro Pike, Nashville, TN",37217,Type: Category 2,,,,,,,,,,,,,,,,,,,,,,,
SHELL STATION,"2312 Brick Church Pike, Nashville, TN",37207,Type: Category 2,,,,,,,,,,,,,,,,,,,,,,,
"SINKERS WINE,SPIRITS AND BEER, LLC","3308 Gallatin Pike, Nashville, TN",37216,Type: Category 3,,,,,,,,,,,,,,,,,,,,,,,
SMASHVILLE MARKET,"501 Broadway, Nashville, TN",37203,Type: Category 3,,,,,,,,,,,,,,,,,,,,,,,
SMILEY'S PRODUCE,"900 8th Ave, Nashville, TN",37243,Type: Category 3,,,,,,,,,,,,,,,,,,,,,,,
SMKY MTN. GRAB N GO #2322,"501 Broadway, Nashville, TN",37203,Type: Category 3,,,,,,,,,,,,,,,,,,,,,,,
SMOKE & MORE MARKET,"2618 Lebanon Pike, Nashville, TN",37214,Type: Category 3,,,,,,,,,,,,,,,,,,,,,,,
SOBRO HOTEL PANTRY,"305 Korean Veterans Blvd, Nashville, TN",37201,Type: Category 3,,,,,,,,,,,,,,,,,,,,,,,
SONESTA NASHVILLE AIRPORT/GIFT SHOP,"600 Marriott Dr, Nashville, TN",37214,Type: Category 2,,,,,,,,,,,,,,,,,,,,,,,
SONESTA SELECT NASHVILLE AIRPORT SUITES,"1100 Airport Center Dr, Nashville, TN",37214,Type: Category 3,,,,,,,,,,,,,,,,,,,,,,,
SONOBANA MARKET,"40 White Bridge Rd, Nashville, TN",37205,Type: Category 2,,,,,,,,,,,,,,,,,,,,,,,
SOUTHERN HILL MARKET,"4199 Nolensville Rd, Nashville, TN",37211,Type: Category 2,,,,,,,,,,,,,,,,,,,,,,,
SPERRY'S MECANTILE RESTAURANT,"5107 Harding Rd, Nashville, TN",37205,Type: Category 2,,,,,,,,,,,,,,,,,,,,,,,
"SPRING HILL SUITES, THE MARKET","250 Athens Way, Nashville, TN",37228,Type: Category 3,,,,,,,,,,,,,,,,,,,,,,,
SPRINGHILL SUITES MARKET,"1800 W End Ave, Nashville, TN",37203,Type: Category 3,,,,,,,,,,,,,,,,,,,,,,,
SPRINGHILL SUITES MARKET,"1100 Airport Center Dr, Nashville, TN",37214,Type: Category 3,,,,,,,,,,,,,,,,,,,,,,,
ST MARIA 2009 SHELL,"500 Donelson Pike, Nashville, TN",37214,Type: Category 2,,,,,,,,,,,,,,,,,,,,,,,
STAR MARKET,"903 Dickerson Rd, Nashville, TN",37207,Type: Category 3,,,,,,,,,,,,,,,,,,,,,,,
STAR MARKET,"1613 Buchanan St, Nashville, TN",37208,Type: Category 2,,,,,,,,,,,,,,,,,,,,,,,
STEAKHOUSE INC #485,"242 Glenrose Ave, Nashville, TN",37210,Type: Category 3,,,,,,,,,,,,,,,,,,,,,,,
STEAKHOUSE INC #486,"242 Glenrose Ave, Nashville, TN",37210,Type: Category 3,,,,,,,,,,,,,,,,,,,,,,,
"STELLAR DCA SLA BNA, LLC","1 Terminal Dr, Nashville, TN",37214,Type: Category 3,,,,,,,,,,,,,,,,,,,,,,,
STOP 1 EXPRESS,"14901 Old Hickory Blvd, Nashville, TN",37211,Type: Category 2,,,,,,,,,,,,,,,,,,,,,,,
STOP GAP,"2120 W End Ave, Nashville, TN",37203,Type: Category 2,,,,,,,,,,,,,,,,,,,,,,,
"STOP N SHOP MARKET, LLC","5100 Indiana Ave, Nashville, TN",37209,Type: Category 3,,,,,,,,,,,,,,,,,,,,,,,
SUDDEN SERVICE #17,"801 Briley Pkwy, Nashville, TN",37217,Type: Category 2,,,,,,,,,,,,,,,,,,,,,,,
SUITE SHOP,"310 4th Ave S, Nashville, TN",37201,Type: Category 3,,,,,,,,,,,,,,,,,,,,,,,
SUZIES-BLAIR,"2400 Blakemore, Nashville, TN",37212,Type: Category 3,,,,,,,,,,,,,,,,,,,,,,,
SUZIES-FEATHERINE ILL,"PO BOX 41636, Nashville, TN",37219,Type: Category 3,,,,,,,,,,,,,,,,,,,,,,,
SWETT'S MARKET,"702 28th Ave N, Nashville, TN",37208,Type: Category 3,,,,,,,,,,,,,,,,,,,,,,,
T & T EXPRESS #2,"822 Murfreesboro Rd, Nashville, TN",37217,Type: Category 2,,,,,,,,,,,,,,,,,,,,,,,
T.S.U. BP,"2801 John Merritt Blvd, Nashville, TN",37209,Type: Category 2,,,,,,,,,,,,,,,,,,,,,,,
TARA MARKET,"3721 Nolensville Rd, Nashville, TN",37211,Type: Category 2,,,,,,,,,,,,,,,,,,,,,,,
TARGET #1059,"3171 Lebanon Rd, Nashville, TN",37214,Type: Category 3,,,,,,,,,,,,,,,,,,,,,,,
THE EAT & SIP MARKET,"500 5th Ave S, Nashville, TN",37219,Type: Category 3,,,,,,,,,,,,,,,,,,,,,,,
THE GRAB & GO@ HOTEL INDIGO,"301 Union St, Nashville, TN",37201,Type: Category 3,,,,,,,,,,,,,,,,,,,,,,,
THE H MARKET,"2100 Hayes St, Nashville, TN",37203,Type: Category 3,,,,,,,,,,,,,,,,,,,,,,,
THE KITCHEN,"6035 Highway 100, Nashville, TN",37205,Type: Category 3,,,,,,,,,,,,,,,,,,,,,,,
THE MARKET,"1111 Airport Center Dr, Nashville, TN",37214,Type: Category 3,,,,,,,,,,,,,,,,,,,,,,,
THE MARKET,"170 4th Ave N, Nashville, TN",37219,Type: Category 3,,,,,,,,,,,,,,,,,,,,,,,
THE MARKET AT COURTYARD,"125 Music City Cir, Nashville, TN",37214,Type: Category 3,,,,,,,,,,,,,,,,,,,,,,,
THE PERFECT LITTLE LIFE LLC dba THE GOLDEN SLIPPER,"314 Madison St, Nashville, TN",37208,Type: Category 2,,,,,,,,,,,,,,,,,,,,,,,
THE SILO MARKET,"5500 Centennial Blvd, Nashville, TN",37209,Type: Category 2,,,,,,,,,,,,,,,,,,,,,,,
THE SWEET SHOP,"711 Union St, Nashville, TN",37219,Type: Category 3,,,,,,,,,,,,,,,,,,,,,,,
THOMPSON LANE AUTO CARE,"84 Thompson Ln, Nashville, TN",37210,Type: Category 2,,,,,,,,,,,,,,,,,,,,,,,
THOMPSON PLACE GOLFING & GROOMING,"3453 W Hamilton Ave, Nashville, TN",37218,Type: Category 3,,,,,,,,,,,,,,,,,,,,,,,
TN ORIENTAL MARKET,"5574 Nolensville Pike, Nashville, TN",37211,Type: Category 3,,,,,,,,,,,,,,,,,,,,,,,
TOWN PLACE SUITES,"2700 Elm Hill Pike, Nashville, TN",37214,Type: Category 3,,,,,,,,,,,,,,,,,,,,,,,
TOWNEPLACE SUITES NASHVILLE DOWNTOWN / CAPITOL DISTRICT,"310 Gay St, Nashville, TN",37201,Type: Category 3,,,,,,,,,,,,,,,,,,,,,,,
TRADER JOE'S,"3909 Hillsboro Rd, Nashville, TN",37215,Type: Category 2,,,,,,,,,,,,,,,,,,,,,,,
TRADER JOE'S #739,"90 White Bridge Rd, Nashville, TN",37205,Type: Category 2,,,,,,,,,,,,,,,,,,,,,,,
TRAVEL TRADERS #334,"2100 West End Ave, Nashville, TN",37203,Type: Category 3,,,,,,,,,,,,,,,,,,,,,,,
TWICE DAILY #4116,"1 Titan Way, Nashville, TN",37213,Type: Category 3,,,,,,,,,,,,,,,,,,,,,,,
TWICE DAILY #4131,"1 Titan Way, Nashville, TN",37213,Type: Category 2,,,,,,,,,,,,,,,,,,,,,,,
TWO RIVERS CAMPGROUND,"2616 Music Valley Dr, Nashville, TN",37214,Type: Category 3,,,,,,,,,,,,,,,,,,,,,,,
UPTOWN MARKET,"5520 Kentucky Ave, Nashville, TN",37209,Type: Category 3,,,,,,,,,,,,,,,,,,,,,,,
VILLAGE MARKET,"4601 Illinois Ave, Nashville, TN",37209,Type: Category 3,,,,,,,,,,,,,,,,,,,,,,,
VU CAMPUS STORE,"2300 Vanderbilt Pl, Nashville, TN",37240,Type: Category 2,,,,,,,,,,,,,,,,,,,,,,,
WALGREEN'S # 9546,"4201 Nolensville Rd, Nashville, TN",37211,Type: Category 3,,,,,,,,,,,,,,,,,,,,,,,
WALGREEN'S #03451,"5429 Nolensville Rd, Nashville, TN",37211,Type: Category 3,,,,,,,,,,,,,,,,,,,,,,,
WALGREEN'S #05395,"5301 Harding Rd, Nashville, TN",37205,Type: Category 3,,,,,,,,,,,,,,,,,,,,,,,
WALGREEN'S #07535,"8110 Highway 100, Nashville, TN",37221,Type: Category 3,,,,,,,,,,,,,,,,,,,,,,,
WALGREEN'S #10657,"1081 Murfreesboro Pike, Nashville, TN",37217,Type: Category 3,,,,,,,,,,,,,,,,,,,,,,,
WALGREEN'S #11701,"200 W Maplewood Ln, Nashville, TN",37207,Type: Category 3,,,,,,,,,,,,,,,,,,,,,,,
WALGREEN'S #13929,"2819 Nolensville Pike, Nashville, TN",37211,Type: Category 3,,,,,,,,,,,,,,,,,,,,,,,
WALGREEN'S #6853,"2421 Lebanon Rd, Nashville, TN",37214,Type: Category 3,,,,,,,,,,,,,,,,,,,,,,,
WALGREEN'S #7689,"2500 Gallatin Rd, Nashville, TN",37206,Type: Category 3,,,,,,,,,,,,,,,,,,,,,,,
WALGREEN'S #9907,"6815 Nolensville Rd, Nashville, TN",37027,Type: Category 3,,,,,,,,,,,,,,,,,,,,,,,
WALGREENS #04707,"5600 Charlotte Pike, Nashville, TN",37209,Type: Category 3,,,,,,,,,,,,,,,,,,,,,,,
WALGREENS #04872,"5555 Edmondson Pike, Nashville, TN",37211,Type: Category 3,,,,,,,,,,,,,,,,,,,,,,,
WALGREENS #05166,"4243 Harding Pike, Nashville, TN",37205,Type: Category 3,,,,,,,,,,,,,,,,,,,,,,,
WALGREENS #05869,"3130 Clarksville Pike, Nashville, TN",37218,Type: Category 3,,,,,,,,,,,,,,,,,,,,,,,
WALGREENS #06211,"1809 Antioch Pk., Nashville, TN",#ERROR!,Type: Category 3,,,,,,,,,,,,,,,,,,,,,,,
WALGREENS #18085,"1104 Rosa L. Parks Blvd N, Nashville, TN",37208,Type: Category 3,,,,,,,,,,,,,,,,,,,,,,,
WALGREENS #19382,"700 Gallatin Rd, Nashville, TN",37206,Type: Category 3,,,,,,,,,,,,,,,,,,,,,,,
WALGREENS #3401,"518 Donelson Pike, Nashville, TN",#ERROR!,Type: Category 3,,,,,,,,,,,,,,,,,,,,,,,
WALGREENS #4158,"3901 Hillsboro Rd, Nashville, TN",#ERROR!,Type: Category 3,,,,,,,,,,,,,,,,,,,,,,,
WALGREENS #4677,"2244 Murfreesboro Rd, Nashville, TN",#ERROR!,Type: Category 3,,,,,,,,,,,,,,,,,,,,,,,
WALGREENS #4904,"2611 Franklin Pike, Nashville, TN",#ERROR!,Type: Category 3,,,,,,,,,,,,,,,,,,,,,,,
WALGREENS #5028,"3500 Gallatin Rd, Nashville, TN",37075,Type: Category 3,,,,,,,,,,,,,,,,,,,,,,,
WALGREENS #5091,"3010 Westend Ave, Nashville, TN",#ERROR!,Type: Category 3,,,,,,,,,,,,,,,,,,,,,,,
WALGREENS #696,"226 5th Avenue North, Nashville, TN",#ERROR!,Type: Category 3,,,,,,,,,,,,,,,,,,,,,,,
WALGREENS #7316,"3880 Dickerson Rd, Nashville, TN",37207,Type: Category 3,,,,,,,,,,,,,,,,,,,,,,,
WALGREENS #9778,"1804 Charlotte Pike, Nashville, TN",37209,Type: Category 3,,,,,,,,,,,,,,,,,,,,,,,
WEDGEHILL MARKET,"600 Benton Ave, Nashville, TN",37204,Type: Category 3,,,,,,,,,,,,,,,,,,,,,,,
"WEST MEADE WINE & LIQUOR MART, LLC","5402 Harding Rd, Nashville, TN",37205,Type: Category 3,,,,,,,,,,,,,,,,,,,,,,,
WEST TRINITY LANE MARKET,"317 W Trinity Ln, Nashville, TN",37207,Type: Category 3,,,,,,,,,,,,,,,,,,,,,,,
WINGATE MARKET,"1 Century Blvd, Nashville, TN",37214,Type: Category 3,,,,,,,,,,,,,,,,,,,,,,,
WOOPS! DBA-QUICK FOOT CORP.,"433 Opry Mills Dr, Nashville, TN",37214,Type: Category 2,,,,,,,,,,,,,,,,,,,,,,,
WOOPS! DBA-QUICK FOOT CORP.,"2126 Abbott Martin Rd, Nashville, TN",37215,Type: Category 2,,,,,,,,,,,,,,,,,,,,,,,
WORLD WIDE MARKET,"3808 Nolensville Pike, Nashville, TN",37211,Type: Category 3,,,,,,,,,,,,,,,,,,,,,,,
XPRESS DELI SHOPPE,"1568 Bell Rd, Nashville, TN",37211,Type: Category 3,,,,,,,,,,,,,,,,,,,,,,,
ZAYTUN INTERNATIONAL GROCERY,"3808 Nolensville Pike, Nashville, TN",37211,Type: Category 2,,,,,,,,,,,,,,,,,,,,,,,
ZOMI ORIENTAL MARKET,"415 B Harding Pl, Nashville, TN",37211,Type: Category 2,,,,,,,,,,,,,,,,,,,,,,,
,,,,,,,,,,,,,,,,,,,,,,,,,,
,,,,,,,,,,,,,,,,,,,,,,,,,,
,,,,,,,,,,,,,,,,,,,,,,,,,,
,,,,,,,,,,,,,,,,,,,,,,,,,,
,,,,,,,,,,,,,,,,,,,,,,,,,,
,,,,,,,,,,,,,,,,,,,,,,,,,,
,,,,,,,,,,,,,,,,,,,,,,,,,,
,,,,,,,,,,,,,,,,,,,,,,,,,,
,,,,,,,,,,,,,,,,,,,,,,,,,,
,,,,,,,,,,,,,,,,,,,,,,,,,,
,,,,,,,,,,,,,,,,,,,,,,,,,,
,,,,,,,,,,,,,,,,,,,,,,,,,,
,,,,,,,,,,,,,,,,,,,,,,,,,,
,,,,,,,,,,,,,,,,,,,,,,,,,,
,,,,,,,,,,,,,,,,,,,,,,,,,,
,,,,,,,,,,,,,,,,,,,,,,,,,,
,,,,,,,,,,,,,,,,,,,,,,,,,,
,,,,,,,,,,,,,,,,,,,,,,,,,,
,,,,,,,,,,,,,,,,,,,,,,,,,,
,,,,,,,,,,,,,,,,,,,,,,,,,,
,,,,,,,,,,,,,,,,,,,,,,,,,,
,,,,,,,,,,,,,,,,,,,,,,,,,,
,,,,,,,,,,,,,,,,,,,,,,,,,,
,,,,,,,,,,,,,,,,,,,,,,,,,,
,,,,,,,,,,,,,,,,,,,,,,,,,,
,,,,,,,,,,,,,,,,,,,,,,,,,,
,,,,,,,,,,,,,,,,,,,,,,,,,,
,,,,,,,,,,,,,,,,,,,,,,,,,,
,,,,,,,,,,,,,,,,,,,,,,,,,,
,,,,,,,,,,,,,,,,,,,,,,,,,,
,,,,,,,,,,,,,,,,,,,,,,,,,,
,,,,,,,,,,,,,,,,,,,,,,,,,,
,,,,,,,,,,,,,,,,,,,,,,,,,,
,,,,,,,,,,,,,,,,,,,,,,,,,,
,,,,,,,,,,,,,,,,,,,,,,,,,,
,,,,,,,,,,,,,,,,,,,,,,,,,,
,,,,,,,,,,,,,,,,,,,,,,,,,,
,,,,,,,,,,,,,,,,,,,,,,,,,,
,,,,,,,,,,,,,,,,,,,,,,,,,,
,,,,,,,,,,,,,,,,,,,,,,,,,,
,,,,,,,,,,,,,,,,,,,,,,,,,,
,,,,,,,,,,,,,,,,,,,,,,,,,,
,,,,,,,,,,,,,,,,,,,,,,,,,,
,,,,,,,,,,,,,,,,,,,,,,,,,,
,,,,,,,,,,,,,,,,,,,,,,,,,,
,,,,,,,,,,,,,,,,,,,,,,,,,,
,,,,,,,,,,,,,,,,,,,,,,,,,,
,,,,,,,,,,,,,,,,,,,,,,,,,,
,,,,,,,,,,,,,,,,,,,,,,,,,,
,,,,,,,,,,,,,,,,,,,,,,,,,,
,,,,,,,,,,,,,,,,,,,,,,,,,,
,,,,,,,,,,,,,,,,,,,,,,,,,,
,,,,,,,,,,,,,,,,,,,,,,,,,,
,,,,,,,,,,,,,,,,,,,,,,,,,,
,,,,,,,,,,,,,,,,,,,,,,,,,,
,,,,,,,,,,,,,,,,,,,,,,,,,,
,,,,,,,,,,,,,,,,,,,,,,,,,,
,,,,,,,,,,,,,,,,,,,,,,,,,,
,,,,,,,,,,,,,,,,,,,,,,,,,,
,,,,,,,,,,,,,,,,,,,,,,,,,,
,,,,,,,,,,,,,,,,,,,,,,,,,,
,,,,,,,,,,,,,,,,,,,,,,,,,,
,,,,,,,,,,,,,,,,,,,,,,,,,,
,,,,,,,,,,,,,,,,,,,,,,,,,,
,,,,,,,,,,,,,,,,,,,,,,,,,,
,,,,,,,,,,,,,,,,,,,,,,,,,,
,,,,,,,,,,,,,,,,,,,,,,,,,,
,,,,,,,,,,,,,,,,,,,,,,,,,,
,,,,,,,,,,,,,,,,,,,,,,,,,,
,,,,,,,,,,,,,,,,,,,,,,,,,,
,,,,,,,,,,,,,,,,,,,,,,,,,,
,,,,,,,,,,,,,,,,,,,,,,,,,,
,,,,,,,,,,,,,,,,,,,,,,,,,,
,,,,,,,,,,,,,,,,,,,,,,,,,,
,,,,,,,,,,,,,,,,,,,,,,,,,,
,,,,,,,,,,,,,,,,,,,,,,,,,,
,,,,,,,,,,,,,,,,,,,,,,,,,,
,,,,,,,,,,,,,,,,,,,,,,,,,,
,,,,,,,,,,,,,,,,,,,,,,,,,,
,,,,,,,,,,,,,,,,,,,,,,,,,,
,,,,,,,,,,,,,,,,,,,,,,,,,,
,,,,,,,,,,,,,,,,,,,,,,,,,,
,,,,,,,,,,,,,,,,,,,,,,,,,,
,,,,,,,,,,,,,,,,,,,,,,,,,,
,,,,,,,,,,,,,,,,,,,,,,,,,,
,,,,,,,,,,,,,,,,,,,,,,,,,,
,,,,,,,,,,,,,,,,,,,,,,,,,,
,,,,,,,,,,,,,,,,,,,,,,,,,,
,,,,,,,,,,,,,,,,,,,,,,,,,,
,,,,,,,,,,,,,,,,,,,,,,,,,,
,,,,,,,,,,,,,,,,,,,,,,,,,,
,,,,,,,,,,,,,,,,,,,,,,,,,,
,,,,,,,,,,,,,,,,,,,,,,,,,,
,,,,,,,,,,,,,,,,,,,,,,,,,,
,,,,,,,,,,,,,,,,,,,,,,,,,,
,,,,,,,,,,,,,,,,,,,,,,,,,,
,,,,,,,,,,,,,,,,,,,,,,,,,,
,,,,,,,,,,,,,,,,,,,,,,,,,,
,,,,,,,,,,,,,,,,,,,,,,,,,,
,,,,,,,,,,,,,,,,,,,,,,,,,,
,,,,,,,,,,,,,,,,,,,,,,,,,,
,,,,,,,,,,,,,,,,,,,,,,,,,,
,,,,,,,,,,,,,,,,,,,,,,,,,,
,,,,,,,,,,,,,,,,,,,,,,,,,,
,,,,,,,,,,,,,,,,,,,,,,,,,,
,,,,,,,,,,,,,,,,,,,,,,,,,,
,,,,,,,,,,,,,,,,,,,,,,,,,,
,,,,,,,,,,,,,,,,,,,,,,,,,,
,,,,,,,,,,,,,,,,,,,,,,,,,,
,,,,,,,,,,,,,,,,,,,,,,,,,,
,,,,,,,,,,,,,,,,,,,,,,,,,,
,,,,,,,,,,,,,,,,,,,,,,,,,,
,,,,,,,,,,,,,,,,,,,,,,,,,,
,,,,,,,,,,,,,,,,,,,,,,,,,,
,,,,,,,,,,,,,,,,,,,,,,,,,,
,,,,,,,,,,,,,,,,,,,,,,,,,,
,,,,,,,,,,,,,,,,,,,,,,,,,,
,,,,,,,,,,,,,,,,,,,,,,,,,,
,,,,,,,,,,,,,,,,,,,,,,,,,,
,,,,,,,,,,,,,,,,,,,,,,,,,,
,,,,,,,,,,,,,,,,,,,,,,,,,,
,,,,,,,,,,,,,,,,,,,,,,,,,,
,,,,,,,,,,,,,,,,,,,,,,,,,,
,,,,,,,,,,,,,,,,,,,,,,,,,,
,,,,,,,,,,,,,,,,,,,,,,,,,,
,,,,,,,,,,,,,,,,,,,,,,,,,,
,,,,,,,,,,,,,,,,,,,,,,,,,,
,,,,,,,,,,,,,,,,,,,,,,,,,,
,,,,,,,,,,,,,,,,,,,,,,,,,,
,,,,,,,,,,,,,,,,,,,,,,,,,,
,,,,,,,,,,,,,,,,,,,,,,,,,,
,,,,,,,,,,,,,,,,,,,,,,,,,,
,,,,,,,,,,,,,,,,,,,,,,,,,,
,,,,,,,,,,,,,,,,,,,,,,,,,,
,,,,,,,,,,,,,,,,,,,,,,,,,,
,,,,,,,,,,,,,,,,,,,,,,,,,,
,,,,,,,,,,,,,,,,,,,,,,,,,,
,,,,,,,,,,,,,,,,,,,,,,,,,,
,,,,,,,,,,,,,,,,,,,,,,,,,,
,,,,,,,,,,,,,,,,,,,,,,,,,,
,,,,,,,,,,,,,,,,,,,,,,,,,,
,,,,,,,,,,,,,,,,,,,,,,,,,,
,,,,,,,,,,,,,,,,,,,,,,,,,,
,,,,,,,,,,,,,,,,,,,,,,,,,,
,,,,,,,,,,,,,,,,,,,,,,,,,,
,,,,,,,,,,,,,,,,,,,,,,,,,,
,,,,,,,,,,,,,,,,,,,,,,,,,,
,,,,,,,,,,,,,,,,,,,,,,,,,,
,,,,,,,,,,,,,,,,,,,,,,,,,,
,,,,,,,,,,,,,,,,,,,,,,,,,,
,,,,,,,,,,,,,,,,,,,,,,,,,,
,,,,,,,,,,,,,,,,,,,,,,,,,,
,,,,,,,,,,,,,,,,,,,,,,,,,,
,,,,,,,,,,,,,,,,,,,,,,,,,,
,,,,,,,,,,,,,,,,,,,,,,,,,,
,,,,,,,,,,,,,,,,,,,,,,,,,,
,,,,,,,,,,,,,,,,,,,,,,,,,,
,,,,,,,,,,,,,,,,,,,,,,,,,,
,,,,,,,,,,,,,,,,,,,,,,,,,,
,,,,,,,,,,,,,,,,,,,,,,,,,,
,,,,,,,,,,,,,,,,,,,,,,,,,,
,,,,,,,,,,,,,,,,,,,,,,,,,,
,,,,,,,,,,,,,,,,,,,,,,,,,,
,,,,,,,,,,,,,,,,,,,,,,,,,,
,,,,,,,,,,,,,,,,,,,,,,,,,,
,,,,,,,,,,,,,,,,,,,,,,,,,,
,,,,,,,,,,,,,,,,,,,,,,,,,,
,,,,,,,,,,,,,,,,,,,,,,,,,,
,,,,,,,,,,,,,,,,,,,,,,,,,,
,,,,,,,,,,,,,,,,,,,,,,,,,,
,,,,,,,,,,,,,,,,,,,,,,,,,,
,,,,,,,,,,,,,,,,,,,,,,,,,,
,,,,,,,,,,,,,,,,,,,,,,,,,,
,,,,,,,,,,,,,,,,,,,,,,,,,,
,,,,,,,,,,,,,,,,,,,,,,,,,,
,,,,,,,,,,,,,,,,,,,,,,,,,,
,,,,,,,,,,,,,,,,,,,,,,,,,,
,,,,,,,,,,,,,,,,,,,,,,,,,,
,,,,,,,,,,,,,,,,,,,,,,,,,,
,,,,,,,,,,,,,,,,,,,,,,,,,,
,,,,,,,,,,,,,,,,,,,,,,,,,,
,,,,,,,,,,,,,,,,,,,,,,,,,,
,,,,,,,,,,,,,,,,,,,,,,,,,,
,,,,,,,,,,,,,,,,,,,,,,,,,,
,,,,,,,,,,,,,,,,,,,,,,,,,,
,,,,,,,,,,,,,,,,,,,,,,,,,,
,,,,,,,,,,,,,,,,,,,,,,,,,,
,,,,,,,,,,,,,,,,,,,,,,,,,,
,,,,,,,,,,,,,,,,,,,,,,,,,,
,,,,,,,,,,,,,,,,,,,,,,,,,,
,,,,,,,,,,,,,,,,,,,,,,,,,,
,,,,,,,,,,,,,,,,,,,,,,,,,,
,,,,,,,,,,,,,,,,,,,,,,,,,,
,,,,,,,,,,,,,,,,,,,,,,,,,,
,,,,,,,,,,,,,,,,,,,,,,,,,,
,,,,,,,,,,,,,,,,,,,,,,,,,,
,,,,,,,,,,,,,,,,,,,,,,,,,,
,,,,,,,,,,,,,,,,,,,,,,,,,,
,,,,,,,,,,,,,,,,,,,,,,,,,,
,,,,,,,,,,,,,,,,,,,,,,,,,,
,,,,,,,,,,,,,,,,,,,,,,,,,,
,,,,,,,,,,,,,,,,,,,,,,,,,,
,,,,,,,,,,,,,,,,,,,,,,,,,,
,,,,,,,,,,,,,,,,,,,,,,,,,,
,,,,,,,,,,,,,,,,,,,,,,,,,,
,,,,,,,,,,,,,,,,,,,,,,,,,,
,,,,,,,,,,,,,,,,,,,,,,,,,,
,,,,,,,,,,,,,,,,,,,,,,,,,,
,,,,,,,,,,,,,,,,,,,,,,,,,,
,,,,,,,,,,,,,,,,,,,,,,,,,,
,,,,,,,,,,,,,,,,,,,,,,,,,,
,,,,,,,,,,,,,,,,,,,,,,,,,,
,,,,,,,,,,,,,,,,,,,,,,,,,,
,,,,,,,,,,,,,,,,,,,,,,,,,,
,,,,,,,,,,,,,,,,,,,,,,,,,,
,,,,,,,,,,,,,,,,,,,,,,,,,,
,,,,,,,,,,,,,,,,,,,,,,,,,,
,,,,,,,,,,,,,,,,,,,,,,,,,,
,,,,,,,,,,,,,,,,,,,,,,,,,,
,,,,,,,,,,,,,,,,,,,,,,,,,,
,,,,,,,,,,,,,,,,,,,,,,,,,,
,,,,,,,,,,,,,,,,,,,,,,,,,,
,,,,,,,,,,,,,,,,,,,,,,,,,,
,,,,,,,,,,,,,,,,,,,,,,,,,,
,,,,,,,,,,,,,,,,,,,,,,,,,,
,,,,,,,,,,,,,,,,,,,,,,,,,,
,,,,,,,,,,,,,,,,,,,,,,,,,,
,,,,,,,,,,,,,,,,,,,,,,,,,,
,,,,,,,,,,,,,,,,,,,,,,,,,,
,,,,,,,,,,,,,,,,,,,,,,,,,,
,,,,,,,,,,,,,,,,,,,,,,,,,,
,,,,,,,,,,,,,,,,,,,,,,,,,,
,,,,,,,,,,,,,,,,,,,,,,,,,,
,,,,,,,,,,,,,,,,,,,,,,,,,,
,,,,,,,,,,,,,,,,,,,,,,,,,,
,,,,,,,,,,,,,,,,,,,,,,,,,,
,,,,,,,,,,,,,,,,,,,,,,,,,,
,,,,,,,,,,,,,,,,,,,,,,,,,,
,,,,,,,,,,,,,,,,,,,,,,,,,,
,,,,,,,,,,,,,,,,,,,,,,,,,,
,,,,,,,,,,,,,,,,,,,,,,,,,,
,,,,,,,,,,,,,,,,,,,,,,,,,,
,,,,,,,,,,,,,,,,,,,,,,,,,,
,,,,,,,,,,,,,,,,,,,,,,,,,,
,,,,,,,,,,,,,,,,,,,,,,,,,,
,,,,,,,,,,,,,,,,,,,,,,,,,,
,,,,,,,,,,,,,,,,,,,,,,,,,,
,,,,,,,,,,,,,,,,,,,,,,,,,,
,,,,,,,,,,,,,,,,,,,,,,,,,,
,,,,,,,,,,,,,,,,,,,,,,,,,,
,,,,,,,,,,,,,,,,,,,,,,,,,,
,,,,,,,,,,,,,,,,,,,,,,,,,,
,,,,,,,,,,,,,,,,,,,,,,,,,,
,,,,,,,,,,,,,,,,,,,,,,,,,,
,,,,,,,,,,,,,,,,,,,,,,,,,,
,,,,,,,,,,,,,,,,,,,,,,,,,,
,,,,,,,,,,,,,,,,,,,,,,,,,,
,,,,,,,,,,,,,,,,,,,,,,,,,,
,,,,,,,,,,,,,,,,,,,,,,,,,,
,,,,,,,,,,,,,,,,,,,,,,,,,,
,,,,,,,,,,,,,,,,,,,,,,,,,,
,,,,,,,,,,,,,,,,,,,,,,,,,,
,,,,,,,,,,,,,,,,,,,,,,,,,,
,,,,,,,,,,,,,,,,,,,,,,,,,,
,,,,,,,,,,,,,,,,,,,,,,,,,,
,,,,,,,,,,,,,,,,,,,,,,,,,,
,,,,,,,,,,,,,,,,,,,,,,,,,,
,,,,,,,,,,,,,,,,,,,,,,,,,,
,,,,,,,,,,,,,,,,,,,,,,,,,,
,,,,,,,,,,,,,,,,,,,,,,,,,,
,,,,,,,,,,,,,,,,,,,,,,,,,,
,,,,,,,,,,,,,,,,,,,,,,,,,,
,,,,,,,,,,,,,,,,,,,,,,,,,,
,,,,,,,,,,,,,,,,,,,,,,,,,,
,,,,,,,,,,,,,,,,,,,,,,,,,,
,,,,,,,,,,,,,,,,,,,,,,,,,,
,,,,,,,,,,,,,,,,,,,,,,,,,,
,,,,,,,,,,,,,,,,,,,,,,,,,,
,,,,,,,,,,,,,,,,,,,,,,,,,,
,,,,,,,,,,,,,,,,,,,,,,,,,,
,,,,,,,,,,,,,,,,,,,,,,,,,,
,,,,,,,,,,,,,,,,,,,,,,,,,,
,,,,,,,,,,,,,,,,,,,,,,,,,,
,,,,,,,,,,,,,,,,,,,,,,,,,,
,,,,,,,,,,,,,,,,,,,,,,,,,,
,,,,,,,,,,,,,,,,,,,,,,,,,,
,,,,,,,,,,,,,,,,,,,,,,,,,,
,,,,,,,,,,,,,,,,,,,,,,,,,,
,,,,,,,,,,,,,,,,,,,,,,,,,,
,,,,,,,,,,,,,,,,,,,,,,,,,,
,,,,,,,,,,,,,,,,,,,,,,,,,,
,,,,,,,,,,,,,,,,,,,,,,,,,,
,,,,,,,,,,,,,,,,,,,,,,,,,,
,,,,,,,,,,,,,,,,,,,,,,,,,,
,,,,,,,,,,,,,,,,,,,,,,,,,,
,,,,,,,,,,,,,,,,,,,,,,,,,,
,,,,,,,,,,,,,,,,,,,,,,,,,,
,,,,,,,,,,,,,,,,,,,,,,,,,,
,,,,,,,,,,,,,,,,,,,,,,,,,,
,,,,,,,,,,,,,,,,,,,,,,,,,,
,,,,,,,,,,,,,,,,,,,,,,,,,,
,,,,,,,,,,,,,,,,,,,,,,,,,,
,,,,,,,,,,,,,,,,,,,,,,,,,,
,,,,,,,,,,,,,,,,,,,,,,,,,,
,,,,,,,,,,,,,,,,,,,,,,,,,,
,,,,,,,,,,,,,,,,,,,,,,,,,,
,,,,,,,,,,,,,,,,,,,,,,,,,,
,,,,,,,,,,,,,,,,,,,,,,,,,,
,,,,,,,,,,,,,,,,,,,,,,,,,,
,,,,,,,,,,,,,,,,,,,,,,,,,,
